{"_wandb":{"runtime":16},"_timestamp":1.7409331371916378e+09,"_runtime":16.224674975,"_step":9,"train_loss":0.1101081895690269,"val_loss":0.39957052979624397}