{"_wandb":{"runtime":7},"train_loss":0.948078484490149,"val_loss":1.063192882151519,"_timestamp":1.7411023537226288e+09,"_runtime":7.405772401,"_step":9}