{"val_loss":2.3025347588566367,"_timestamp":1.7411028328560793e+09,"_runtime":32.08362371,"_wandb":{"runtime":32},"_step":4,"train_loss":2.3035294850090535}