{"train_loss":0.6712160098427269,"val_loss":0.5831607565462613,"_timestamp":1.7411026422435248e+09,"_runtime":46.768587807,"_step":9,"_wandb":{"runtime":46}}