{"train_loss":1.5523047490149817,"val_loss":1.5645080229789983,"_timestamp":1.7411023318997386e+09,"_wandb":{"runtime":7},"_runtime":7.338567624,"_step":9}