{"_timestamp":1.7409330487227821e+09,"_runtime":16.729855391,"_step":9,"_wandb":{"runtime":16},"train_loss":0.1583259503252438,"val_loss":0.38106702174701335}