{"val_loss":0.5470525398003105,"_timestamp":1.741102766439212e+09,"_wandb":{"runtime":32},"_runtime":32.190285571,"_step":9,"train_loss":0.6349853962101115}