{"val_loss":1.322250245692307,"_wandb":{"runtime":59},"_timestamp":1.7411025230459206e+09,"_runtime":59.408745974,"_step":4,"train_loss":1.3088402813208544}