{"train_loss":2.3037723773976415,"val_loss":2.302586639618786,"_timestamp":1.741102590414648e+09,"_runtime":5.623308031,"_wandb":{"runtime":5},"_step":4}