{"val_loss":2.3025233523717556,"_timestamp":1.7411027814023888e+09,"_wandb":{"runtime":3},"_runtime":3.596695865,"_step":4,"train_loss":2.3029918859538547}