{"_timestamp":1.7411025651449614e+09,"_runtime":13.4451412,"_step":4,"train_loss":0.6718675261601965,"val_loss":0.6739359586814462,"_wandb":{"runtime":13}}