{"_runtime":31.579284838,"_step":9,"train_loss":1.8190117225168456,"_wandb":{"runtime":31},"val_loss":1.8114713294175568,"_timestamp":1.7411027048606844e+09}