{"val_loss":2.3024539682339578,"_timestamp":1.7411025453289032e+09,"_runtime":16.050725502,"_step":9,"_wandb":{"runtime":16},"train_loss":2.3018187546255042}