{"val_loss":2.302507565266828,"_wandb":{"runtime":9},"_timestamp":1.741102659999628e+09,"_runtime":9.351412029,"_step":9,"train_loss":2.3029714979860447}