{"_wandb":{"runtime":118},"_timestamp":1.7409292615358455e+09,"_runtime":118.927089024,"_step":9,"train_loss":7.096817452393289e-08,"val_loss":0.3963799045262446}