{"val_loss":2.2456769165212083,"_timestamp":1.7411023207972836e+09,"_runtime":46.116070714,"_step":9,"_wandb":{"runtime":46},"train_loss":2.217602732970598}