{"_timestamp":1.7411024213643255e+09,"_wandb":{"runtime":6},"_runtime":6.4598586319999995,"_step":4,"train_loss":2.3026051206919096,"val_loss":2.3026303685551914}