{"_timestamp":1.741102723404078e+09,"_runtime":6.561581505,"_step":4,"train_loss":2.305358643540935,"val_loss":2.302452742633395,"_wandb":{"runtime":6}}