{"val_loss":0.7556267015617316,"_timestamp":1.7411024051142566e+09,"_runtime":13.291657776,"_step":4,"train_loss":0.8658887725991185,"_wandb":{"runtime":13}}