{"train_loss":2.3026708185280995,"val_loss":2.3026914660903195,"_timestamp":1.74110257813458e+09,"_runtime":3.982959671,"_wandb":{"runtime":3},"_step":4}