{"_runtime":16.658662048,"_step":9,"_wandb":{"runtime":16},"train_loss":0.11143012646776916,"val_loss":0.39556552484737584,"_timestamp":1.7409332432710743e+09}